contentid,contenttypeid,heritage1,heritage2,heritage3,infocenter,opendate,restdate,expguide,expagerange,accomcount,useseason,usetime,parking,chkbabycarriage,chkpet,chkcreditcard
2902578,39,nan,nan,nan,nan,nan,nan,nan,nan,nan,nan,nan,nan,nan,nan,nan
2847366,39,nan,nan,nan,nan,nan,nan,nan,nan,nan,nan,nan,nan,nan,nan,nan
2932046,14,nan,nan,nan,nan,nan,nan,nan,nan,nan,nan,nan,nan,nan,nan,nan
2929100,38,nan,nan,nan,nan,nan,nan,nan,nan,nan,nan,nan,nan,nan,nan,nan
2915110,38,nan,nan,nan,nan,nan,nan,nan,nan,nan,nan,nan,nan,nan,nan,nan
3543519,39,nan,nan,nan,nan,nan,nan,nan,nan,nan,nan,nan,nan,nan,nan,nan
3018558,28,nan,nan,nan,nan,nan,nan,nan,nan,nan,nan,nan,nan,nan,nan,nan
2892200,39,nan,nan,nan,nan,nan,nan,nan,nan,nan,nan,nan,nan,nan,nan,nan
2848051,39,nan,nan,nan,nan,nan,nan,nan,nan,nan,nan,nan,nan,nan,nan,nan
3306682,38,nan,nan,nan,nan,nan,nan,nan,nan,nan,nan,nan,nan,nan,nan,nan
4010651,38,nan,nan,nan,nan,nan,nan,nan,nan,nan,nan,nan,nan,nan,nan,nan
2923379,38,nan,nan,nan,nan,nan,nan,nan,nan,nan,nan,nan,nan,nan,nan,nan
2916607,38,nan,nan,nan,nan,nan,nan,nan,nan,nan,nan,nan,nan,nan,nan,nan
4010395,38,nan,nan,nan,nan,nan,nan,nan,nan,nan,nan,nan,nan,nan,nan,nan
812980,39,nan,nan,nan,nan,nan,nan,nan,nan,nan,nan,nan,nan,nan,nan,nan
134872,39,nan,nan,nan,nan,nan,nan,nan,nan,nan,nan,nan,nan,nan,nan,nan
2912755,38,nan,nan,nan,nan,nan,nan,nan,nan,nan,nan,nan,nan,nan,nan,nan
2930981,38,nan,nan,nan,nan,nan,nan,nan,nan,nan,nan,nan,nan,nan,nan,nan
2770651,12,0,0,0,0507-1354-0606,,,,,,,,,없음,,없음
2765650,12,0,0,0,031-582-4567,,,,,,,,,없음,,가능
2820866,39,nan,nan,nan,nan,nan,nan,nan,nan,nan,nan,nan,nan,nan,nan,nan
2927023,38,nan,nan,nan,nan,nan,nan,nan,nan,nan,nan,nan,nan,nan,nan,nan
3306996,38,nan,nan,nan,nan,nan,nan,nan,nan,nan,nan,nan,nan,nan,nan,nan
250465,14,nan,nan,nan,nan,nan,nan,nan,nan,nan,nan,nan,nan,nan,nan,nan
2872922,32,nan,nan,nan,nan,nan,nan,nan,nan,nan,nan,nan,nan,nan,nan,nan
3307166,38,nan,nan,nan,nan,nan,nan,nan,nan,nan,nan,nan,nan,nan,nan,nan
2907524,38,nan,nan,nan,nan,nan,nan,nan,nan,nan,nan,nan,nan,nan,nan,nan
2911616,38,nan,nan,nan,nan,nan,nan,nan,nan,nan,nan,nan,nan,nan,nan,nan
3305439,38,nan,nan,nan,nan,nan,nan,nan,nan,nan,nan,nan,nan,nan,nan,nan
3337819,39,nan,nan,nan,nan,nan,nan,nan,nan,nan,nan,nan,nan,nan,nan,nan
2912580,38,nan,nan,nan,nan,nan,nan,nan,nan,nan,nan,nan,nan,nan,nan,nan
4026325,38,nan,nan,nan,nan,nan,nan,nan,nan,nan,nan,nan,nan,nan,nan,nan
2911992,38,nan,nan,nan,nan,nan,nan,nan,nan,nan,nan,nan,nan,nan,nan,nan
3306083,38,nan,nan,nan,nan,nan,nan,nan,nan,nan,nan,nan,nan,nan,nan,nan
2569503,12,0,0,0,031-949-5675,,"매주 월요일, 화요일",,,,,10:00~18:00,가능,없음,없음,
2904009,38,nan,nan,nan,nan,nan,nan,nan,nan,nan,nan,nan,nan,nan,nan,nan
2764945,12,0,0,0,031-860-2114,,연중무휴,,,,,상시 개방,가능,,,
4011931,38,nan,nan,nan,nan,nan,nan,nan,nan,nan,nan,nan,nan,nan,nan,nan
4010443,38,nan,nan,nan,nan,nan,nan,nan,nan,nan,nan,nan,nan,nan,nan,nan
4011891,38,nan,nan,nan,nan,nan,nan,nan,nan,nan,nan,nan,nan,nan,nan,nan
4011069,38,nan,nan,nan,nan,nan,nan,nan,nan,nan,nan,nan,nan,nan,nan,nan
2863676,39,nan,nan,nan,nan,nan,nan,nan,nan,nan,nan,nan,nan,nan,nan,nan
2987549,25,nan,nan,nan,nan,nan,nan,nan,nan,nan,nan,nan,nan,nan,nan,nan
4011925,38,nan,nan,nan,nan,nan,nan,nan,nan,nan,nan,nan,nan,nan,nan,nan
4011030,38,nan,nan,nan,nan,nan,nan,nan,nan,nan,nan,nan,nan,nan,nan,nan
2855354,39,nan,nan,nan,nan,nan,nan,nan,nan,nan,nan,nan,nan,nan,nan,nan
2864892,39,nan,nan,nan,nan,nan,nan,nan,nan,nan,nan,nan,nan,nan,nan,nan
2840798,39,nan,nan,nan,nan,nan,nan,nan,nan,nan,nan,nan,nan,nan,nan,nan
3081654,28,nan,nan,nan,nan,nan,nan,nan,nan,nan,nan,nan,nan,nan,nan,nan
127162,12,0,0,0,031-839-2147,,매주 화요일,,,,,"09:00~16:00 (타임별 운영, 12~13시 제외)
개인, 단체 구분 없이 7일 전 사전 신청 필수, 사전 신청 후 초소에서 신분증 제시하여 출입)",가능 (무료),없음,,없음
2923226,38,nan,nan,nan,nan,nan,nan,nan,nan,nan,nan,nan,nan,nan,nan,nan
2914125,38,nan,nan,nan,nan,nan,nan,nan,nan,nan,nan,nan,nan,nan,nan,nan
2922935,38,nan,nan,nan,nan,nan,nan,nan,nan,nan,nan,nan,nan,nan,nan,nan
4008119,38,nan,nan,nan,nan,nan,nan,nan,nan,nan,nan,nan,nan,nan,nan,nan
2863338,39,nan,nan,nan,nan,nan,nan,nan,nan,nan,nan,nan,nan,nan,nan,nan
2875166,39,nan,nan,nan,nan,nan,nan,nan,nan,nan,nan,nan,nan,nan,nan,nan
736123,14,nan,nan,nan,nan,nan,nan,nan,nan,nan,nan,nan,nan,nan,nan,nan
3085257,12,0,0,0,0507-1473-2570,,연중무휴,,,,,10:30~19:00,가능,,,
2911608,38,nan,nan,nan,nan,nan,nan,nan,nan,nan,nan,nan,nan,nan,nan,nan
2877108,39,nan,nan,nan,nan,nan,nan,nan,nan,nan,nan,nan,nan,nan,nan,nan
4025046,38,nan,nan,nan,nan,nan,nan,nan,nan,nan,nan,nan,nan,nan,nan,nan
2928431,38,nan,nan,nan,nan,nan,nan,nan,nan,nan,nan,nan,nan,nan,nan,nan
4025351,38,nan,nan,nan,nan,nan,nan,nan,nan,nan,nan,nan,nan,nan,nan,nan
2832361,39,nan,nan,nan,nan,nan,nan,nan,nan,nan,nan,nan,nan,nan,nan,nan
2875192,39,nan,nan,nan,nan,nan,nan,nan,nan,nan,nan,nan,nan,nan,nan,nan
2789664,12,0,0,0,031-871-8403,,연중무휴,,,,,08:00~24:00,가능,,,
2893523,14,nan,nan,nan,nan,nan,nan,nan,nan,nan,nan,nan,nan,nan,nan,nan
2918592,38,nan,nan,nan,nan,nan,nan,nan,nan,nan,nan,nan,nan,nan,nan,nan
2930532,38,nan,nan,nan,nan,nan,nan,nan,nan,nan,nan,nan,nan,nan,nan,nan
4011930,38,nan,nan,nan,nan,nan,nan,nan,nan,nan,nan,nan,nan,nan,nan,nan
2911924,38,nan,nan,nan,nan,nan,nan,nan,nan,nan,nan,nan,nan,nan,nan,nan
2852867,39,nan,nan,nan,nan,nan,nan,nan,nan,nan,nan,nan,nan,nan,nan,nan
2841878,39,nan,nan,nan,nan,nan,nan,nan,nan,nan,nan,nan,nan,nan,nan,nan
2929184,38,nan,nan,nan,nan,nan,nan,nan,nan,nan,nan,nan,nan,nan,nan,nan
134223,39,nan,nan,nan,nan,nan,nan,nan,nan,nan,nan,nan,nan,nan,nan,nan
125476,12,0,0,0,가평역 관광안내소 031-582-8830,,연중무휴,,,,,상시 개방,,,,
127001,12,0,0,0,파주시청 도시관리과 031-940-5384,1973년,연중무휴,,,,,상시 개방,가능,,,
2614388,12,0,0,0,파주시청 관광과 031-940-5196,,시설 별로 상이함,,,,,시설 별로 상이함,,,,
134725,39,nan,nan,nan,nan,nan,nan,nan,nan,nan,nan,nan,nan,nan,nan,nan
2569508,12,0,0,0,"DMZ 평화관광 매표소 031-954-0303
DMZ 평화관광 안내소 031-953-4744",,"매주 월요일 / 주중 공휴일 / 설·추석 당일※ DMZ 안보위현, 기상악화, 안전 확보 상황 발생 시 모든 일정 중단",,,,,홈페이지 참조,가능,없음,,
403808,39,nan,nan,nan,nan,nan,nan,nan,nan,nan,nan,nan,nan,nan,nan,nan
2864488,39,nan,nan,nan,nan,nan,nan,nan,nan,nan,nan,nan,nan,nan,nan,nan
2764968,12,0,0,0,파주시청 관광과 031-940-4363,,연중무휴,,,,,상시 개방,가능,없음,,없음
2918109,38,nan,nan,nan,nan,nan,nan,nan,nan,nan,nan,nan,nan,nan,nan,nan
2854075,39,nan,nan,nan,nan,nan,nan,nan,nan,nan,nan,nan,nan,nan,nan,nan
3578075,39,nan,nan,nan,nan,nan,nan,nan,nan,nan,nan,nan,nan,nan,nan,nan
2911394,38,nan,nan,nan,nan,nan,nan,nan,nan,nan,nan,nan,nan,nan,nan,nan
2925829,38,nan,nan,nan,nan,nan,nan,nan,nan,nan,nan,nan,nan,nan,nan,nan
2830341,39,nan,nan,nan,nan,nan,nan,nan,nan,nan,nan,nan,nan,nan,nan,nan
397695,32,nan,nan,nan,nan,nan,nan,nan,nan,nan,nan,nan,nan,nan,nan,nan
2875219,39,nan,nan,nan,nan,nan,nan,nan,nan,nan,nan,nan,nan,nan,nan,nan
4046458,39,nan,nan,nan,nan,nan,nan,nan,nan,nan,nan,nan,nan,nan,nan,nan
3307088,38,nan,nan,nan,nan,nan,nan,nan,nan,nan,nan,nan,nan,nan,nan,nan
2951568,39,nan,nan,nan,nan,nan,nan,nan,nan,nan,nan,nan,nan,nan,nan,nan
2830309,39,nan,nan,nan,nan,nan,nan,nan,nan,nan,nan,nan,nan,nan,nan,nan
4025047,38,nan,nan,nan,nan,nan,nan,nan,nan,nan,nan,nan,nan,nan,nan,nan
2912529,38,nan,nan,nan,nan,nan,nan,nan,nan,nan,nan,nan,nan,nan,nan,nan
2914742,38,nan,nan,nan,nan,nan,nan,nan,nan,nan,nan,nan,nan,nan,nan,nan
3307316,38,nan,nan,nan,nan,nan,nan,nan,nan,nan,nan,nan,nan,nan,nan,nan
2570093,32,nan,nan,nan,nan,nan,nan,nan,nan,nan,nan,nan,nan,nan,nan,nan
2829922,39,nan,nan,nan,nan,nan,nan,nan,nan,nan,nan,nan,nan,nan,nan,nan
1870538,39,nan,nan,nan,nan,nan,nan,nan,nan,nan,nan,nan,nan,nan,nan,nan
2865477,39,nan,nan,nan,nan,nan,nan,nan,nan,nan,nan,nan,nan,nan,nan,nan
3307269,38,nan,nan,nan,nan,nan,nan,nan,nan,nan,nan,nan,nan,nan,nan,nan
128648,12,0,0,0,파주시청 문화예술과 031-940-5831,,,,,,,내부 개방 및 관람 별도 문의,,,,
2767425,39,nan,nan,nan,nan,nan,nan,nan,nan,nan,nan,nan,nan,nan,nan,nan
2911054,39,nan,nan,nan,nan,nan,nan,nan,nan,nan,nan,nan,nan,nan,nan,nan
2799611,39,nan,nan,nan,nan,nan,nan,nan,nan,nan,nan,nan,nan,nan,nan,nan
2811349,39,nan,nan,nan,nan,nan,nan,nan,nan,nan,nan,nan,nan,nan,nan,nan
4025096,38,nan,nan,nan,nan,nan,nan,nan,nan,nan,nan,nan,nan,nan,nan,nan
2925041,39,nan,nan,nan,nan,nan,nan,nan,nan,nan,nan,nan,nan,nan,nan,nan
2830643,39,nan,nan,nan,nan,nan,nan,nan,nan,nan,nan,nan,nan,nan,nan,nan
752431,12,0,0,0,031-955-1550,,※ 자세한 사항은 전화문의 요망,,,,,09:00~15:30※ 자세한 사항은 전화문의 요망,가능,,,
2569494,12,0,0,0,031-940-5831,,연중무휴,,,,,상시 개방,,없음,,없음
250277,12,0,0,0,파주시청 문화예술과 031-940-5831,,연중무휴,,,,,상시 개방,불가능,,,
611704,12,0,0,0,파주시청 관광과 031-940-4363,,업체 별로 상이함,,,,,업체 별로 상이함,가능,불가,,없음
129336,12,0,0,0,0507-1471-3601,,전화 문의,,,,,전화 문의,가능,없음,,없음
127679,12,1,0,0,031-941-4208,,"매주 월요일 (단, 정기휴일이 공휴일 및 대체공휴일과 겹칠 경우에는 개방하며, 그 다음의 첫 번째 비공휴일이 정기휴일임)",,,,,"[2월~5월] 09:00~18:00 (입장마감 17:00)<br>
[6월~8월] 09:00~18:30 (입장마감 17:30)<br>
[9월~10월] 09:00~18:00 (입장마감 17:00)<br>
[11월~1월] 09:00~17:30 (입장마감 16:30)",가능,,,
3543668,14,nan,nan,nan,nan,nan,nan,nan,nan,nan,nan,nan,nan,nan,nan,nan
2819798,39,nan,nan,nan,nan,nan,nan,nan,nan,nan,nan,nan,nan,nan,nan,nan
126988,12,0,0,0,파주시청 문화예술과 031-940-5831,,,,,,,10:00~17:00(입장 마감 16:00)※ 군사 지역으로 관람 시간 이외 출입 금지,,,,
125553,12,0,0,0,파주시청 문화예술과 031-940-5831,,연중무휴,,,,,상시 개방,가능,,,
2609813,12,0,0,0,파주시청 도시관리과 031-940-5383,,연중무휴,,,,,상시 개방,가능,없음,,없음
127691,12,0,0,0,031-958-1749,,"매주 월요일<br> ※ 단, 월요일이 공휴일인 경우 그 다음날 휴관",,,,,"[3월~10월] 09:00~18:00 (입장마감 17:30)<br>
[11월~2월] 09:00~17:00 (입장마감 16:30)",가능 (버스 20대 / 승용차 100대),없음,,없음
127548,12,0,0,0,임진각관광안내소 031-953-4744,,※ 시설별 상이하므로 홈페이지 참고,,,,,※ 시설별 상이하므로 홈페이지 참고,가능,,,
129397,12,0,0,0,031-953-7600,,명절 (전화문의),"[계절프로그램]
- 장단콩 꼬마장승제(2월~3월) : 장단콩꼬마장승제 / 지신밟기
- 농촌체험축제(7월~8월) : 콩밭메기 / 멧돌체험 / 장맛보기
- 추수행사(10월~11월) : 장단콩축제 / 과수따기
- 저장축제(12월~1월) : 장담그기 / 김장 / 전통문화(짚신·삼태기)배우기 / 눈썰매대회
※ 프로그램 문의(031-952-9001) / 요금 홈페이지 참조",,,,11:00 ~ 17:00 (전화문의),가능,없음,,
250410,12,1,0,0,031-945-9242,,"매주 월요일<br>※ 단, 월요일이 공휴일인 경우 개방하며, 그 다음 첫 번째 평일에 휴관",,,,,"[2월~5월] 09:00~18:00 (입장마감 17:00)<br>
[6월~8월] 09:00~18:30 (입장마감 17:30)<br>
[9~10월] 09:00~18:00 (입장마감 17:00)<br>
[11월~1월] 09:00~17:30 (입장마감 16:30)",가능,불가,,
560481,12,0,0,0,031-955-0050,,시설 별로 상이,,,,,시설 별로 상이,가능,,,
3494053,15,nan,nan,nan,nan,nan,nan,nan,nan,nan,nan,nan,nan,nan,nan,nan
3409010,12,0,0,0,"혜음원지 방문자센터 031-950-8428, 8429",,[혜음원지] 연중무휴[혜음원지 방문자센터] 매주 월요일 / 법정 공휴일,,,,,[혜음원지] 상시 개방[혜음원지 방문자센터] 09:00~18:00,가능,,,
3031866,12,0,0,0,0507-1430-9106,,연중무휴,,,,,06:00~19:00,가능,,,
2418592,32,nan,nan,nan,nan,nan,nan,nan,nan,nan,nan,nan,nan,nan,nan,nan
2764875,14,nan,nan,nan,nan,nan,nan,nan,nan,nan,nan,nan,nan,nan,nan,nan
613661,14,nan,nan,nan,nan,nan,nan,nan,nan,nan,nan,nan,nan,nan,nan,nan
3033864,12,0,0,0,031-940-8777,,"매달 첫째 월요일(단, 월요일이 법정공휴일인 경우 그 다음날 휴관) / 1월 1일 / 설∙추석 당일 / 시설물 유지·보수 및 전시 행사를 위한 휴관일",,,,,10:00~19:00 (입장 마감 17:00),가능,,,
2836130,39,nan,nan,nan,nan,nan,nan,nan,nan,nan,nan,nan,nan,nan,nan,nan
2764988,14,nan,nan,nan,nan,nan,nan,nan,nan,nan,nan,nan,nan,nan,nan,nan
3084393,32,nan,nan,nan,nan,nan,nan,nan,nan,nan,nan,nan,nan,nan,nan,nan
129872,14,nan,nan,nan,nan,nan,nan,nan,nan,nan,nan,nan,nan,nan,nan,nan
2904550,39,nan,nan,nan,nan,nan,nan,nan,nan,nan,nan,nan,nan,nan,nan,nan
2868498,39,nan,nan,nan,nan,nan,nan,nan,nan,nan,nan,nan,nan,nan,nan,nan
2961451,15,nan,nan,nan,nan,nan,nan,nan,nan,nan,nan,nan,nan,nan,nan,nan
3081629,14,nan,nan,nan,nan,nan,nan,nan,nan,nan,nan,nan,nan,nan,nan,nan
3014112,12,0,0,0,0507-1308-2663,,매주 일요일~월요일 / 법정공휴일,일일 별자리 체험 / 가족과 함께하는 우주여행 등,,,,14:30~23:00 (휴게시간 17:00~18:00),가능,,,
2724661,12,0,0,0,031-952-6388,,국가 안전점검일 / 분기별 안전점검일※ 자세한 사항은 홈페이지 참조,,,,,09:00~18:00 (입장 마감 17:30),가능,없음,,
2569506,12,0,0,0,파주시청 관광과 031-940-4363,,연중무휴,,,,,상시 개방,가능,,,
2906471,39,nan,nan,nan,nan,nan,nan,nan,nan,nan,nan,nan,nan,nan,nan,nan
2911414,12,0,0,0,031-943-2662,,,,,,,(로컬푸드) 10:00~18:00-명절당일 휴무 / (카페) 11:00~20:00-월요일 휴무 / (식당) 11:30~20:00-월요일 휴무,,,,
130824,14,nan,nan,nan,nan,nan,nan,nan,nan,nan,nan,nan,nan,nan,nan,nan
2738720,12,0,0,0,파주시청 도시관리과 031-940-8703,,연중무휴,,,,,상시 개방,가능,,,
2746709,12,0,0,0,031-942-1533,,연중무휴,동물먹이주기체험,,,,"- 평일 10:30~18:00<br>
- 주말 10:30~20:00",가능,,,가능
1624842,12,0,0,0,031-953-3182,,연중무휴,,,,,상시 개방,가능,없음,,
2736414,39,nan,nan,nan,nan,nan,nan,nan,nan,nan,nan,nan,nan,nan,nan,nan
2894560,38,nan,nan,nan,nan,nan,nan,nan,nan,nan,nan,nan,nan,nan,nan,nan
2894591,38,nan,nan,nan,nan,nan,nan,nan,nan,nan,nan,nan,nan,nan,nan,nan
127682,12,0,0,0,파주시청 문화예술과 031-940-5830,,연중무휴,,,,,상시 개방,가능,,,
3018278,12,0,0,0,파주시청 체육과 031-940-5235,,연중무휴,,,,,[공원]상시 개방[인조잔디축구장]06:00~22:00,가능,,,
125579,12,0,0,0,1588-8889,,매주 월요일 / 목요일 / 일요일 / 유엔사의 휴무일 / 군사훈련 및 작전 기간중에는 미운영,판문점 견학,만 8세 이상의 대한민국 국민 (외국인 견학 미운영),최대 5명,,"매주 화요일 / 수요일 / 금요일 / 토요일 14:10~17:00<br>
※ 실제 운영시간은 상황에 따라 변경 가능",가능,없음,,없음
2836663,39,nan,nan,nan,nan,nan,nan,nan,nan,nan,nan,nan,nan,nan,nan,nan
2867774,39,nan,nan,nan,nan,nan,nan,nan,nan,nan,nan,nan,nan,nan,nan,nan
2830128,39,nan,nan,nan,nan,nan,nan,nan,nan,nan,nan,nan,nan,nan,nan,nan
3013790,12,0,0,0,남양주시청 하천공원관리과 031-590-8636,,연중무휴,,,,,상시 개방,가능,,,
2865007,39,nan,nan,nan,nan,nan,nan,nan,nan,nan,nan,nan,nan,nan,nan,nan
2845766,39,nan,nan,nan,nan,nan,nan,nan,nan,nan,nan,nan,nan,nan,nan,nan
2867787,39,nan,nan,nan,nan,nan,nan,nan,nan,nan,nan,nan,nan,nan,nan,nan
2766617,12,0,0,0,남양주시청 문화관광팀 031-590-5382,,연중무휴,,,,,상시 개방,불가능,없음,,
3473573,39,nan,nan,nan,nan,nan,nan,nan,nan,nan,nan,nan,nan,nan,nan,nan
2926461,38,nan,nan,nan,nan,nan,nan,nan,nan,nan,nan,nan,nan,nan,nan,nan
2907652,38,nan,nan,nan,nan,nan,nan,nan,nan,nan,nan,nan,nan,nan,nan,nan
2867800,39,nan,nan,nan,nan,nan,nan,nan,nan,nan,nan,nan,nan,nan,nan,nan
2545307,12,0,0,0,0507-1304-6861,,연중무휴,동물먹이주기체험,만 5세 이상,,,10:00~22:00 (매표마감 21:00),,,,
2911036,32,nan,nan,nan,nan,nan,nan,nan,nan,nan,nan,nan,nan,nan,nan,nan
4011878,38,nan,nan,nan,nan,nan,nan,nan,nan,nan,nan,nan,nan,nan,nan,nan
2911529,38,nan,nan,nan,nan,nan,nan,nan,nan,nan,nan,nan,nan,nan,nan,nan
133621,39,nan,nan,nan,nan,nan,nan,nan,nan,nan,nan,nan,nan,nan,nan,nan
4008115,38,nan,nan,nan,nan,nan,nan,nan,nan,nan,nan,nan,nan,nan,nan,nan
527497,32,nan,nan,nan,nan,nan,nan,nan,nan,nan,nan,nan,nan,nan,nan,nan
2762927,39,nan,nan,nan,nan,nan,nan,nan,nan,nan,nan,nan,nan,nan,nan,nan
3356066,39,nan,nan,nan,nan,nan,nan,nan,nan,nan,nan,nan,nan,nan,nan,nan
133128,39,nan,nan,nan,nan,nan,nan,nan,nan,nan,nan,nan,nan,nan,nan,nan
1921646,39,nan,nan,nan,nan,nan,nan,nan,nan,nan,nan,nan,nan,nan,nan,nan
2830918,39,nan,nan,nan,nan,nan,nan,nan,nan,nan,nan,nan,nan,nan,nan,nan
2906479,39,nan,nan,nan,nan,nan,nan,nan,nan,nan,nan,nan,nan,nan,nan,nan
2583625,28,nan,nan,nan,nan,nan,nan,nan,nan,nan,nan,nan,nan,nan,nan,nan
752389,12,0,0,0,031-953-4448,,연중무휴,,,,,"[하절기(4~10월)] <br>
- 평일 11:00~18:00 <br>- 주말 11:00~18:40<br>
[동절기(3,11월)] <br>
- 평일 11:00~17:30<br>- 주말 11:00~18:00<br>
[완전 동절기(12~2월)]<br>
- 평일 12:00~16:40<br>- 주말 11:00~18:00","가능 <br>요금 (임진각관광지 주차장 경차 1,000원 / 소형 2,000원 / 중형 3,000원 / 대형 5,000원)",,,
2654583,12,0,0,0,031-953-1626,,설·추석 연휴 / 매주 월요일,,,,,[10월~3월] 10:00~17:00[4월~9월] 10:00~18:00※ 폐장 30분 전 입장 마감,,,,
1209958,39,nan,nan,nan,nan,nan,nan,nan,nan,nan,nan,nan,nan,nan,nan,nan
3017861,28,nan,nan,nan,nan,nan,nan,nan,nan,nan,nan,nan,nan,nan,nan,nan
736133,14,nan,nan,nan,nan,nan,nan,nan,nan,nan,nan,nan,nan,nan,nan,nan
2867817,39,nan,nan,nan,nan,nan,nan,nan,nan,nan,nan,nan,nan,nan,nan,nan
2808016,39,nan,nan,nan,nan,nan,nan,nan,nan,nan,nan,nan,nan,nan,nan,nan
2832379,39,nan,nan,nan,nan,nan,nan,nan,nan,nan,nan,nan,nan,nan,nan,nan
2865458,39,nan,nan,nan,nan,nan,nan,nan,nan,nan,nan,nan,nan,nan,nan,nan
3085230,39,nan,nan,nan,nan,nan,nan,nan,nan,nan,nan,nan,nan,nan,nan,nan
2853666,39,nan,nan,nan,nan,nan,nan,nan,nan,nan,nan,nan,nan,nan,nan,nan
2878135,14,nan,nan,nan,nan,nan,nan,nan,nan,nan,nan,nan,nan,nan,nan,nan
798265,12,0,0,0,031-538-3361,,연중무휴,,,,,상시 개방,가능,,,
130684,14,nan,nan,nan,nan,nan,nan,nan,nan,nan,nan,nan,nan,nan,nan,nan
2464238,12,0,0,0,0507-1425-9317,,설·추석 연휴,,,,,08:30~17:30,가능요금 (무료),없음,없음,
125523,12,0,0,0,031-540-6350,,연중무휴,,,,,상시 개방,가능,,,
623666,15,nan,nan,nan,nan,nan,nan,nan,nan,nan,nan,nan,nan,nan,nan,nan
2569473,12,0,0,0,031-538-3129,,연중무휴,,,,,상시 개방,가능 <br>요금 (무료),없음,,없음
983901,32,nan,nan,nan,nan,nan,nan,nan,nan,nan,nan,nan,nan,nan,nan,nan
2032127,12,0,0,0,031-532-1881,,연중무휴,,전 연령,,,10:00~19:00,가능,없음,,
612915,12,0,0,0,포천시청 관광과 031-538-3370,,※ 매장 별로 상이함,,,,,※ 매장 별로 상이함,가능,,,가능
3352029,15,nan,nan,nan,nan,nan,nan,nan,nan,nan,nan,nan,nan,nan,nan,nan
2570170,12,0,0,0,포천 한탄강지질공원 031-538-3030,,연중무휴,,,,,09:00~18:00※ 자세한 사항은 전화문의 요망,가능,없음,,
3536596,15,nan,nan,nan,nan,nan,nan,nan,nan,nan,nan,nan,nan,nan,nan,nan
2545159,12,0,0,0,한탄강세계지질공원센터 031-538-3030,2018.5.13(일) 10:00 개통,연중무휴,,,,,09:00~18:00,가능,,,
3023048,12,0,0,0,1644-1997,,매주 수요일,허브물체험 / 향기체험 / 음악체험 / 허브차체험 / 촉감체험 / 허브건초체험 / 색깔체험 / 허브식물체험 / 숲체험 / 돌체험,"만 14세 이상 (일부 프로그램은 보호자 동반 시, 유아 및 초등학생도 이용 가능)","3,000명 이상",,"10:00~21:00<br>  
※ 계절에 따라 운영시간이 변동될 수 있음","가능 (1,000대)",,,
3011153,12,0,0,0,0507-1338-5614,,연중무휴,딸기 비누만들기 체험 / 딸기 테라피 체험 / 딸기 자일리톨캔디 만들기 체험 등,,,,09:00~19:00,,,,
2853651,39,nan,nan,nan,nan,nan,nan,nan,nan,nan,nan,nan,nan,nan,nan,nan
2665995,25,nan,nan,nan,nan,nan,nan,nan,nan,nan,nan,nan,nan,nan,nan,nan
2802702,15,nan,nan,nan,nan,nan,nan,nan,nan,nan,nan,nan,nan,nan,nan,nan
2853358,39,nan,nan,nan,nan,nan,nan,nan,nan,nan,nan,nan,nan,nan,nan,nan
3011177,12,0,0,0,포천관광정보센터 031-535-5068,,연중무휴,,,,,상시 개방,가능,,,
3008665,15,nan,nan,nan,nan,nan,nan,nan,nan,nan,nan,nan,nan,nan,nan,nan
2464201,12,0,0,0,1668-1035,,매달 첫번째 화요일,,,,,"[하절기(3월~10월)]<br>
- 월요일~목요일 09:00~19:00 (입장 마감 18:00)<br>
- 금요일~토요일/공휴일 09:00~22:00 (입장 마감 20:00)<br>
- 일요일 09:00~20:00 (입장 마감 19:00)<br>
[동절기(11월~02월)]<br>
- 월요일~일요일 09:00~18:00 (입장 마감 17:00)",가능,,,
2648106,14,nan,nan,nan,nan,nan,nan,nan,nan,nan,nan,nan,nan,nan,nan,nan
3011243,12,0,0,0,포천도시공사 031-540-6390,,연중무휴,,,,,"- 하절기(3월~10월) 05:00~23:00<br>
- 동절기(11월~2월) 06:00~23:00",가능,,,
3545306,15,nan,nan,nan,nan,nan,nan,nan,nan,nan,nan,nan,nan,nan,nan,nan
3306452,38,nan,nan,nan,nan,nan,nan,nan,nan,nan,nan,nan,nan,nan,nan,nan
2987543,25,nan,nan,nan,nan,nan,nan,nan,nan,nan,nan,nan,nan,nan,nan,nan
3578524,39,nan,nan,nan,nan,nan,nan,nan,nan,nan,nan,nan,nan,nan,nan,nan
4008118,38,nan,nan,nan,nan,nan,nan,nan,nan,nan,nan,nan,nan,nan,nan,nan
2894619,38,nan,nan,nan,nan,nan,nan,nan,nan,nan,nan,nan,nan,nan,nan,nan
2904560,38,nan,nan,nan,nan,nan,nan,nan,nan,nan,nan,nan,nan,nan,nan,nan
4010623,38,nan,nan,nan,nan,nan,nan,nan,nan,nan,nan,nan,nan,nan,nan,nan
2917233,38,nan,nan,nan,nan,nan,nan,nan,nan,nan,nan,nan,nan,nan,nan,nan
2910462,38,nan,nan,nan,nan,nan,nan,nan,nan,nan,nan,nan,nan,nan,nan,nan
3306382,38,nan,nan,nan,nan,nan,nan,nan,nan,nan,nan,nan,nan,nan,nan,nan
2930037,38,nan,nan,nan,nan,nan,nan,nan,nan,nan,nan,nan,nan,nan,nan,nan
1553067,12,0,0,0,031-833-5299,,연중무휴,감자심기 / 오이따기 / 땅콩캐기,,,,푸르내마을 고객센터 09:00~18:00,가능,없음,,불가
2922665,38,nan,nan,nan,nan,nan,nan,nan,nan,nan,nan,nan,nan,nan,nan,nan
3540778,32,nan,nan,nan,nan,nan,nan,nan,nan,nan,nan,nan,nan,nan,nan,nan
4010642,38,nan,nan,nan,nan,nan,nan,nan,nan,nan,nan,nan,nan,nan,nan,nan
4010306,38,nan,nan,nan,nan,nan,nan,nan,nan,nan,nan,nan,nan,nan,nan,nan
612796,12,0,0,0,031-907-6080,,업체별 상이함,,,,,업체별 상이함,가능,없음,,없음
2799593,39,nan,nan,nan,nan,nan,nan,nan,nan,nan,nan,nan,nan,nan,nan,nan
2891470,39,nan,nan,nan,nan,nan,nan,nan,nan,nan,nan,nan,nan,nan,nan,nan
2916081,38,nan,nan,nan,nan,nan,nan,nan,nan,nan,nan,nan,nan,nan,nan,nan
2911531,38,nan,nan,nan,nan,nan,nan,nan,nan,nan,nan,nan,nan,nan,nan,nan
2766592,39,nan,nan,nan,nan,nan,nan,nan,nan,nan,nan,nan,nan,nan,nan,nan
1910439,14,nan,nan,nan,nan,nan,nan,nan,nan,nan,nan,nan,nan,nan,nan,nan
633769,32,nan,nan,nan,nan,nan,nan,nan,nan,nan,nan,nan,nan,nan,nan,nan
4011057,38,nan,nan,nan,nan,nan,nan,nan,nan,nan,nan,nan,nan,nan,nan,nan
3449948,39,nan,nan,nan,nan,nan,nan,nan,nan,nan,nan,nan,nan,nan,nan,nan
2925027,39,nan,nan,nan,nan,nan,nan,nan,nan,nan,nan,nan,nan,nan,nan,nan
129196,12,0,0,0,031-946-6353,,연중무휴,,,,,10:00~22:00,가능,,,
2927040,38,nan,nan,nan,nan,nan,nan,nan,nan,nan,nan,nan,nan,nan,nan,nan
3386148,12,0,0,0,070-8830-9006,,연중무휴,,,,,10:00~19:00,가능,,,
2814157,32,nan,nan,nan,nan,nan,nan,nan,nan,nan,nan,nan,nan,nan,nan,nan
2931830,38,nan,nan,nan,nan,nan,nan,nan,nan,nan,nan,nan,nan,nan,nan,nan
4025032,38,nan,nan,nan,nan,nan,nan,nan,nan,nan,nan,nan,nan,nan,nan,nan
4012030,38,nan,nan,nan,nan,nan,nan,nan,nan,nan,nan,nan,nan,nan,nan,nan
2735149,39,nan,nan,nan,nan,nan,nan,nan,nan,nan,nan,nan,nan,nan,nan,nan
2831158,39,nan,nan,nan,nan,nan,nan,nan,nan,nan,nan,nan,nan,nan,nan,nan
2852970,39,nan,nan,nan,nan,nan,nan,nan,nan,nan,nan,nan,nan,nan,nan,nan
3307499,38,nan,nan,nan,nan,nan,nan,nan,nan,nan,nan,nan,nan,nan,nan,nan
3306417,38,nan,nan,nan,nan,nan,nan,nan,nan,nan,nan,nan,nan,nan,nan,nan
3046415,12,0,0,0,0507-1392-6150,,"매달 둘째 주, 넷째 주 수요일 <br>※ 공휴일 정상영업",,,,,,,,,
133627,39,nan,nan,nan,nan,nan,nan,nan,nan,nan,nan,nan,nan,nan,nan,nan
2735300,39,nan,nan,nan,nan,nan,nan,nan,nan,nan,nan,nan,nan,nan,nan,nan
2762918,39,nan,nan,nan,nan,nan,nan,nan,nan,nan,nan,nan,nan,nan,nan,nan
2705419,12,0,0,0,010-8569-7857,,연중무휴,,,,,07:30~22:30,가능,없음,,없음
2772246,39,nan,nan,nan,nan,nan,nan,nan,nan,nan,nan,nan,nan,nan,nan,nan
2773735,39,nan,nan,nan,nan,nan,nan,nan,nan,nan,nan,nan,nan,nan,nan,nan
922013,12,0,0,0,고양특례시청 복지정책과 보훈지원부서 031-8075-3248,,연중무휴,,,,,상시 개방,가능,,,
2764311,39,nan,nan,nan,nan,nan,nan,nan,nan,nan,nan,nan,nan,nan,nan,nan
2910715,38,nan,nan,nan,nan,nan,nan,nan,nan,nan,nan,nan,nan,nan,nan,nan
4025352,38,nan,nan,nan,nan,nan,nan,nan,nan,nan,nan,nan,nan,nan,nan,nan
2979824,38,nan,nan,nan,nan,nan,nan,nan,nan,nan,nan,nan,nan,nan,nan,nan
4054301,38,nan,nan,nan,nan,nan,nan,nan,nan,nan,nan,nan,nan,nan,nan,nan
686187,32,nan,nan,nan,nan,nan,nan,nan,nan,nan,nan,nan,nan,nan,nan,nan
1206682,39,nan,nan,nan,nan,nan,nan,nan,nan,nan,nan,nan,nan,nan,nan,nan
686247,32,nan,nan,nan,nan,nan,nan,nan,nan,nan,nan,nan,nan,nan,nan,nan
397690,32,nan,nan,nan,nan,nan,nan,nan,nan,nan,nan,nan,nan,nan,nan,nan
2872825,39,nan,nan,nan,nan,nan,nan,nan,nan,nan,nan,nan,nan,nan,nan,nan
2862046,39,nan,nan,nan,nan,nan,nan,nan,nan,nan,nan,nan,nan,nan,nan,nan
2773766,14,nan,nan,nan,nan,nan,nan,nan,nan,nan,nan,nan,nan,nan,nan,nan
3014000,28,nan,nan,nan,nan,nan,nan,nan,nan,nan,nan,nan,nan,nan,nan,nan
433042,14,nan,nan,nan,nan,nan,nan,nan,nan,nan,nan,nan,nan,nan,nan,nan
2539348,14,nan,nan,nan,nan,nan,nan,nan,nan,nan,nan,nan,nan,nan,nan,nan
4025097,38,nan,nan,nan,nan,nan,nan,nan,nan,nan,nan,nan,nan,nan,nan,nan
2549836,14,nan,nan,nan,nan,nan,nan,nan,nan,nan,nan,nan,nan,nan,nan,nan
2554262,14,nan,nan,nan,nan,nan,nan,nan,nan,nan,nan,nan,nan,nan,nan,nan
2569495,14,nan,nan,nan,nan,nan,nan,nan,nan,nan,nan,nan,nan,nan,nan,nan
3046380,12,0,0,0,임진각 관광안내소 031-953-4744,,연중무휴,,,,,상시 개방,가능,,,
2569472,12,0,0,0,031-839-7946,,법정공휴일 (사전 신청 시 공휴일도 운영 가능),통일미래체험 / 통일탐사단 / 도전! 통일골든벨,,,,,가능,없음,,없음
3085198,12,0,0,0,010-6698-5442,,매주 월요일,딸기 체험 / 딸기잼 체험 / 딸기 아이스크림 체험 등,,,,10:00~16:00,가능,,,
2872837,39,nan,nan,nan,nan,nan,nan,nan,nan,nan,nan,nan,nan,nan,nan,nan
2914915,39,nan,nan,nan,nan,nan,nan,nan,nan,nan,nan,nan,nan,nan,nan,nan
2830367,39,nan,nan,nan,nan,nan,nan,nan,nan,nan,nan,nan,nan,nan,nan,nan
2855009,39,nan,nan,nan,nan,nan,nan,nan,nan,nan,nan,nan,nan,nan,nan,nan
2863041,39,nan,nan,nan,nan,nan,nan,nan,nan,nan,nan,nan,nan,nan,nan,nan
3102079,32,nan,nan,nan,nan,nan,nan,nan,nan,nan,nan,nan,nan,nan,nan,nan
2877125,39,nan,nan,nan,nan,nan,nan,nan,nan,nan,nan,nan,nan,nan,nan,nan
2855047,39,nan,nan,nan,nan,nan,nan,nan,nan,nan,nan,nan,nan,nan,nan,nan
2875302,39,nan,nan,nan,nan,nan,nan,nan,nan,nan,nan,nan,nan,nan,nan,nan
2873866,39,nan,nan,nan,nan,nan,nan,nan,nan,nan,nan,nan,nan,nan,nan,nan
3400676,12,0,0,0,031-538-4042,,"연중무휴 (※ 단, 기상상황 악화시 출렁다리 폐쇄)",,,,,09:00~18:00 (입장 마감 17:00),가능,,,
125520,12,0,0,0,031-833-0030,,매월 정기 점검일 / 설·추석 연휴,,,,,"- 숙박시설 14:00~11:00<br>
- 야영장 13:00~11:00",가능,,,가능
2633913,12,0,0,0,031-538-3030,2019년 4월 18일,"매주 화요일 (단, 화요일이 공휴일인 경우에는 다음날 휴관) / 1월 1일 / 설·추석 당일",,,,,09:30~18:00 (입장 마감 17:00),가능,,,
2638585,28,nan,nan,nan,nan,nan,nan,nan,nan,nan,nan,nan,nan,nan,nan,nan
3547798,12,0,0,0,031-830-4243,,매주 월~금요일 / 공휴일 / 명절,갤러리 체험,,60명,,"토, 일요일 10:00~17:00 (혹서기 및 혹한기 미운영)",일반주차장: 26대 / 장애인주차장: 8대,,,
2873852,39,nan,nan,nan,nan,nan,nan,nan,nan,nan,nan,nan,nan,nan,nan,nan
2753854,12,0,0,0,031-833-0514,2008-05-03,"매주 토요일, 일요일 / 법정공휴일",,,,,10:00~14:00※ 자세한 사항은 홈페이지 참조 요망,가능,없음,,
130959,14,nan,nan,nan,nan,nan,nan,nan,nan,nan,nan,nan,nan,nan,nan,nan
1160010,14,nan,nan,nan,nan,nan,nan,nan,nan,nan,nan,nan,nan,nan,nan,nan
136520,32,nan,nan,nan,nan,nan,nan,nan,nan,nan,nan,nan,nan,nan,nan,nan
2932692,39,nan,nan,nan,nan,nan,nan,nan,nan,nan,nan,nan,nan,nan,nan,nan
1203580,39,nan,nan,nan,nan,nan,nan,nan,nan,nan,nan,nan,nan,nan,nan,nan
2853623,39,nan,nan,nan,nan,nan,nan,nan,nan,nan,nan,nan,nan,nan,nan,nan
2830229,39,nan,nan,nan,nan,nan,nan,nan,nan,nan,nan,nan,nan,nan,nan,nan
2852992,39,nan,nan,nan,nan,nan,nan,nan,nan,nan,nan,nan,nan,nan,nan,nan
128356,12,0,0,0,031-952-9127,,연중무휴,고구마심기 / 철새관찰 / 옥수수따기 / 새끼고기 / 메주만들기 등,,,,민간인 출입이 제한되어 있어 사전 예약필수 및 신분증 지참,가능,없음,,
2866011,39,nan,nan,nan,nan,nan,nan,nan,nan,nan,nan,nan,nan,nan,nan,nan
2845849,39,nan,nan,nan,nan,nan,nan,nan,nan,nan,nan,nan,nan,nan,nan,nan
2875339,39,nan,nan,nan,nan,nan,nan,nan,nan,nan,nan,nan,nan,nan,nan,nan
3011195,32,nan,nan,nan,nan,nan,nan,nan,nan,nan,nan,nan,nan,nan,nan,nan
3307639,38,nan,nan,nan,nan,nan,nan,nan,nan,nan,nan,nan,nan,nan,nan,nan
2865094,39,nan,nan,nan,nan,nan,nan,nan,nan,nan,nan,nan,nan,nan,nan,nan
2862022,39,nan,nan,nan,nan,nan,nan,nan,nan,nan,nan,nan,nan,nan,nan,nan
3330180,12,0,0,0,0507-1457-0938,,연중무휴,,,,,10:00~21:00 (휴게시간 13:00~14:00),가능,,,
2872849,39,nan,nan,nan,nan,nan,nan,nan,nan,nan,nan,nan,nan,nan,nan,nan
2962354,32,nan,nan,nan,nan,nan,nan,nan,nan,nan,nan,nan,nan,nan,nan,nan
759866,14,nan,nan,nan,nan,nan,nan,nan,nan,nan,nan,nan,nan,nan,nan,nan
2875873,39,nan,nan,nan,nan,nan,nan,nan,nan,nan,nan,nan,nan,nan,nan,nan
125562,12,0,0,0,고양시 관광과 031-8075-4642,,"매주 월요일 (단, 월요일이 공휴일인 경우 그 다음 평일 휴관)",,,,,"[하절기(3월~10월)] 09:00~18:00 (입장 마감 17:00)<br>
[동절기(11월~2월)] 09:00~17:00 (입장 마감 16:00)",가능,,,
2661736,12,0,0,0,덕양공원관리과 031-8075-4319,,연중무휴,,,,,상시 개방,가능,,,
3091202,39,nan,nan,nan,nan,nan,nan,nan,nan,nan,nan,nan,nan,nan,nan,nan
2872895,39,nan,nan,nan,nan,nan,nan,nan,nan,nan,nan,nan,nan,nan,nan,nan
2855711,39,nan,nan,nan,nan,nan,nan,nan,nan,nan,nan,nan,nan,nan,nan,nan
615822,12,0,0,0,고양관광정보센터 0507-1377-8396,,업체별 상이함,,,,,업체별 상이함,가능,없음,,없음
250394,12,0,0,0,031-909-9000,,사전 예약 후 방문,,,,,※ 자세한 사항은 전화문의 요망,가능,,,
612790,12,0,0,0,고양관광정보센터  0507-1377-8396,,업체별 상이함,,,,,업체별 상이함,가능,,,
2939588,12,0,0,0,,,,,,,,,,,,
2855065,39,nan,nan,nan,nan,nan,nan,nan,nan,nan,nan,nan,nan,nan,nan,nan
2569457,12,0,0,0,031-833-5100,,연중무휴,,,,,09:00~18:00,가능,,,
127695,12,0,0,0,031-535-6494,1998-10-03,"매주 수요일※ 공휴일, 설·추석 연휴 운영",허브차 시음 / 허브비누 만들기 체험 / 승마체험 등,6세 이상,,,- 평일 10:00~21:00- 토요일 10:00~22:00- 일요일 10:00~21:00※ 각 매장 별로 오픈시간과 휴무일이 상이하므로 이용 시 홈페이지 확인 요망,가능 (약 소형 1000대 / 대형 30대 이상),,,
750105,14,nan,nan,nan,nan,nan,nan,nan,nan,nan,nan,nan,nan,nan,nan,nan
2603467,39,nan,nan,nan,nan,nan,nan,nan,nan,nan,nan,nan,nan,nan,nan,nan
128168,12,0,0,0,031-946-8551,,※ 시설 별 상이하므로 전화문의 요망,,,,,※ 시설 별 상이하므로 전화문의 요망,가능,,,
735890,14,nan,nan,nan,nan,nan,nan,nan,nan,nan,nan,nan,nan,nan,nan,nan
3012679,14,nan,nan,nan,nan,nan,nan,nan,nan,nan,nan,nan,nan,nan,nan,nan
3021180,12,0,0,0,0507-1410-8015,,매주 월요일~금요일,팜크닉 / 밤 줍기 / 배따기 / 모닥불 불멍 등,,,,10:00~20:00※ 평일에는 단체 사전 예약으로만 운영함으로 자세한 사항은 홈페이지 참조 및 전화 문의 요망,가능,,,
3032506,12,0,0,0,파주시청 산림정원과 031-940-4611,,연중무휴,,,,,상시 개방,가능,,,
2782872,14,nan,nan,nan,nan,nan,nan,nan,nan,nan,nan,nan,nan,nan,nan,nan
2654543,14,nan,nan,nan,nan,nan,nan,nan,nan,nan,nan,nan,nan,nan,nan,nan
736105,14,nan,nan,nan,nan,nan,nan,nan,nan,nan,nan,nan,nan,nan,nan,nan
2671726,32,nan,nan,nan,nan,nan,nan,nan,nan,nan,nan,nan,nan,nan,nan,nan
3306181,38,nan,nan,nan,nan,nan,nan,nan,nan,nan,nan,nan,nan,nan,nan,nan
2927053,38,nan,nan,nan,nan,nan,nan,nan,nan,nan,nan,nan,nan,nan,nan,nan
2907556,38,nan,nan,nan,nan,nan,nan,nan,nan,nan,nan,nan,nan,nan,nan,nan
2923103,38,nan,nan,nan,nan,nan,nan,nan,nan,nan,nan,nan,nan,nan,nan,nan
2914167,38,nan,nan,nan,nan,nan,nan,nan,nan,nan,nan,nan,nan,nan,nan,nan
3305441,38,nan,nan,nan,nan,nan,nan,nan,nan,nan,nan,nan,nan,nan,nan,nan
2660801,14,nan,nan,nan,nan,nan,nan,nan,nan,nan,nan,nan,nan,nan,nan,nan
1200848,14,nan,nan,nan,nan,nan,nan,nan,nan,nan,nan,nan,nan,nan,nan,nan
2911512,38,nan,nan,nan,nan,nan,nan,nan,nan,nan,nan,nan,nan,nan,nan,nan
2705595,38,nan,nan,nan,nan,nan,nan,nan,nan,nan,nan,nan,nan,nan,nan,nan
125538,12,0,0,0,031-585-0707,,연중무휴,,,,,06:00~19:00,가능,,,
125473,12,0,0,0,가평군청 산림휴양팀 031-580-2486,,연중무휴,,,,,상시 개방,가능,,,
1216533,39,nan,nan,nan,nan,nan,nan,nan,nan,nan,nan,nan,nan,nan,nan,nan
2853011,39,nan,nan,nan,nan,nan,nan,nan,nan,nan,nan,nan,nan,nan,nan,nan
603727,12,0,0,0,호명호수 관광안내소 031-580-2062,,※ 버스시간표 확인 요망,,,,,※ 버스시간표 확인 요망,가능,,,
2855088,39,nan,nan,nan,nan,nan,nan,nan,nan,nan,nan,nan,nan,nan,nan,nan
2891464,39,nan,nan,nan,nan,nan,nan,nan,nan,nan,nan,nan,nan,nan,nan,nan
2831551,39,nan,nan,nan,nan,nan,nan,nan,nan,nan,nan,nan,nan,nan,nan,nan
2830359,39,nan,nan,nan,nan,nan,nan,nan,nan,nan,nan,nan,nan,nan,nan,nan
3083171,12,0,0,0,,,연중무휴,,,,,상시 개방,가능,,,
1073480,32,nan,nan,nan,nan,nan,nan,nan,nan,nan,nan,nan,nan,nan,nan,nan
1284213,12,0,0,0,가평군청 복지기획팀 031-580-2212,,연중무휴,,,,,상시 개방,가능,,,
2700199,32,nan,nan,nan,nan,nan,nan,nan,nan,nan,nan,nan,nan,nan,nan,nan
2856362,32,nan,nan,nan,nan,nan,nan,nan,nan,nan,nan,nan,nan,nan,nan,nan
3018716,32,nan,nan,nan,nan,nan,nan,nan,nan,nan,nan,nan,nan,nan,nan,nan
3079824,32,nan,nan,nan,nan,nan,nan,nan,nan,nan,nan,nan,nan,nan,nan,nan
3091322,32,nan,nan,nan,nan,nan,nan,nan,nan,nan,nan,nan,nan,nan,nan,nan
2853370,39,nan,nan,nan,nan,nan,nan,nan,nan,nan,nan,nan,nan,nan,nan,nan
2903729,38,nan,nan,nan,nan,nan,nan,nan,nan,nan,nan,nan,nan,nan,nan,nan
2931787,38,nan,nan,nan,nan,nan,nan,nan,nan,nan,nan,nan,nan,nan,nan,nan
2930644,38,nan,nan,nan,nan,nan,nan,nan,nan,nan,nan,nan,nan,nan,nan,nan
2931339,38,nan,nan,nan,nan,nan,nan,nan,nan,nan,nan,nan,nan,nan,nan,nan
2855117,39,nan,nan,nan,nan,nan,nan,nan,nan,nan,nan,nan,nan,nan,nan,nan
2844389,39,nan,nan,nan,nan,nan,nan,nan,nan,nan,nan,nan,nan,nan,nan,nan
2867369,39,nan,nan,nan,nan,nan,nan,nan,nan,nan,nan,nan,nan,nan,nan,nan
2862047,39,nan,nan,nan,nan,nan,nan,nan,nan,nan,nan,nan,nan,nan,nan,nan
2876580,39,nan,nan,nan,nan,nan,nan,nan,nan,nan,nan,nan,nan,nan,nan,nan
780768,12,0,0,0,화도푸른물센터 031-560-1577,,매주 월요일,,,,,09:00~18:00,가능,,,
792915,39,nan,nan,nan,nan,nan,nan,nan,nan,nan,nan,nan,nan,nan,nan,nan
2872886,39,nan,nan,nan,nan,nan,nan,nan,nan,nan,nan,nan,nan,nan,nan,nan
125557,12,0,0,0,031-538-2069,,,,,,,,,없음,,없음
127657,12,0,0,0,파주시청 문화예술과 031-940-5831,,연중무휴,,,,,상시 개방,가능,,,
2767431,39,nan,nan,nan,nan,nan,nan,nan,nan,nan,nan,nan,nan,nan,nan,nan
3083161,12,0,0,0,,,연중무휴,,,,,상시 개방,,,,
125477,12,0,0,0,가평역 관광안내소 031-582-8830,,연중무휴,,,,,상시 개방,,,,
4010459,38,nan,nan,nan,nan,nan,nan,nan,nan,nan,nan,nan,nan,nan,nan,nan
128729,12,0,0,0,포천 한탄강지질공원 031-538-3030,,연중무휴,,,,,09:00~18:00,가능,없음,,
2773746,39,nan,nan,nan,nan,nan,nan,nan,nan,nan,nan,nan,nan,nan,nan,nan
2613649,12,0,0,0,고양관광정보센터 031-905-8396,,연중무휴,,,,,상시 개방,불가능,,,
2875362,39,nan,nan,nan,nan,nan,nan,nan,nan,nan,nan,nan,nan,nan,nan,nan
3022743,12,0,0,0,고양시청 푸른도시사업소 031-8075-4319,,연중무휴,,,,,상시 개방,불가능,,,
3078069,32,nan,nan,nan,nan,nan,nan,nan,nan,nan,nan,nan,nan,nan,nan,nan
750126,14,nan,nan,nan,nan,nan,nan,nan,nan,nan,nan,nan,nan,nan,nan,nan
3012119,12,0,0,0,공원관리과 031-590-5354,,연중무휴,,,,,상시 개방,가능,,,
4002840,39,nan,nan,nan,nan,nan,nan,nan,nan,nan,nan,nan,nan,nan,nan,nan
2832417,39,nan,nan,nan,nan,nan,nan,nan,nan,nan,nan,nan,nan,nan,nan,nan
2744398,12,0,0,0,031-957-3369,,"매주 목요일(단, 공휴일인 경우 정상 운영)",,,80명,,11:00~21:00,가능,없음,불가,
2836023,39,nan,nan,nan,nan,nan,nan,nan,nan,nan,nan,nan,nan,nan,nan,nan
2855472,39,nan,nan,nan,nan,nan,nan,nan,nan,nan,nan,nan,nan,nan,nan,nan
1207462,39,nan,nan,nan,nan,nan,nan,nan,nan,nan,nan,nan,nan,nan,nan,nan
919605,12,0,0,0,파주시청 문화예술과 031-940-5830~1,,연중무휴,,,,,상시 개방,가능,,,
127680,12,0,0,0,031-954-2170,,"매주 월요일 (단, 월요일이 공휴일인 경우 그 다음날 휴무)",,,,,"- 하절기(3월~10월) 09:00~18:00 (입장마감 17:30)<br>
- 동절기(11월~2월) 09:00~17:00 (입장마감 16:30)",가능,,,
2902599,39,nan,nan,nan,nan,nan,nan,nan,nan,nan,nan,nan,nan,nan,nan,nan
488093,12,0,0,0,031-873-3391,,연중무휴,,,,,상시 개방,가능,,,
2859730,39,nan,nan,nan,nan,nan,nan,nan,nan,nan,nan,nan,nan,nan,nan,nan
2027213,12,0,0,0,031-866-0355,,연중무휴,템플스테이,,,,09:00~17:00 (휴게시간 12:00~13:00),가능,,,
2854077,39,nan,nan,nan,nan,nan,nan,nan,nan,nan,nan,nan,nan,nan,nan,nan
2872878,39,nan,nan,nan,nan,nan,nan,nan,nan,nan,nan,nan,nan,nan,nan,nan
2872862,39,nan,nan,nan,nan,nan,nan,nan,nan,nan,nan,nan,nan,nan,nan,nan
2872861,39,nan,nan,nan,nan,nan,nan,nan,nan,nan,nan,nan,nan,nan,nan,nan
3415216,39,nan,nan,nan,nan,nan,nan,nan,nan,nan,nan,nan,nan,nan,nan,nan
2931504,38,nan,nan,nan,nan,nan,nan,nan,nan,nan,nan,nan,nan,nan,nan,nan
2929735,38,nan,nan,nan,nan,nan,nan,nan,nan,nan,nan,nan,nan,nan,nan,nan
2731174,12,0,0,0,031-845-1111,,,,,,,- 글램핑 / 펜션 15:00~11:00-<BR>- 오토캠핑장 13:00~12:30,,없음,,
128871,12,0,0,0,02-381-7970,,연중무휴,템플스테이,,,,상시 개방,가능,,,
125528,12,0,0,0,031-527-9557,,연중무휴,,,,,상시 개방,가능<br>요금 (무료),불가,,없음
129660,12,0,0,0,0507-1428-7363,,연중무휴,,,,,상시 개방,가능,,,
3018177,28,nan,nan,nan,nan,nan,nan,nan,nan,nan,nan,nan,nan,nan,nan,nan
2853030,39,nan,nan,nan,nan,nan,nan,nan,nan,nan,nan,nan,nan,nan,nan,nan
2875397,39,nan,nan,nan,nan,nan,nan,nan,nan,nan,nan,nan,nan,nan,nan,nan
2717423,12,0,0,0,010-9890-1046,,,"[오감치유 프로그램]<br>
- 1박2일 오감치유 프로그램 150,000원<br>
- 하루 오감치유 프로그램(5~6시간) 70,000원<br>
- 틈새 오감치유 프로그램(2~3시간) 50,000원<br>
[농장체험 프로그램]<br>
- 아로마 블렌딩밤 만들기 30,000원<br>
- 바디크림 만들기 30,000원<br>
- 돌비누 만들기 15,000원<br>
- 포천 구절초 염색체험 30,000원<br>
- 스머지스틱 만들기 30,000원<br>
- 꽃식초 만들기 30,000원<br>
-  비건피자&피클만들기 30,000원 등<br>
※ 상세 내용은 홈페이지 참조 및 유선 문의",,,,10:00~18:00 (사전 예약제),가능,,,
2849883,39,nan,nan,nan,nan,nan,nan,nan,nan,nan,nan,nan,nan,nan,nan,nan
2783668,39,nan,nan,nan,nan,nan,nan,nan,nan,nan,nan,nan,nan,nan,nan,nan
2847394,39,nan,nan,nan,nan,nan,nan,nan,nan,nan,nan,nan,nan,nan,nan,nan
2873260,39,nan,nan,nan,nan,nan,nan,nan,nan,nan,nan,nan,nan,nan,nan,nan
2867829,39,nan,nan,nan,nan,nan,nan,nan,nan,nan,nan,nan,nan,nan,nan,nan
127408,12,0,0,0,031-839-2061,,매주 화요일,,,,,10:00~16:00 (입장 제외 12:00~13:00),불가능,없음,,없음
2852775,39,nan,nan,nan,nan,nan,nan,nan,nan,nan,nan,nan,nan,nan,nan,nan
2868562,39,nan,nan,nan,nan,nan,nan,nan,nan,nan,nan,nan,nan,nan,nan,nan
131556,28,nan,nan,nan,nan,nan,nan,nan,nan,nan,nan,nan,nan,nan,nan,nan
3372317,15,nan,nan,nan,nan,nan,nan,nan,nan,nan,nan,nan,nan,nan,nan,nan
2515174,15,nan,nan,nan,nan,nan,nan,nan,nan,nan,nan,nan,nan,nan,nan,nan
3345603,15,nan,nan,nan,nan,nan,nan,nan,nan,nan,nan,nan,nan,nan,nan,nan
3367339,15,nan,nan,nan,nan,nan,nan,nan,nan,nan,nan,nan,nan,nan,nan,nan
3551014,15,nan,nan,nan,nan,nan,nan,nan,nan,nan,nan,nan,nan,nan,nan,nan
2360200,15,nan,nan,nan,nan,nan,nan,nan,nan,nan,nan,nan,nan,nan,nan,nan
1693879,15,nan,nan,nan,nan,nan,nan,nan,nan,nan,nan,nan,nan,nan,nan,nan
2952027,15,nan,nan,nan,nan,nan,nan,nan,nan,nan,nan,nan,nan,nan,nan,nan
3488421,15,nan,nan,nan,nan,nan,nan,nan,nan,nan,nan,nan,nan,nan,nan,nan
2812160,15,nan,nan,nan,nan,nan,nan,nan,nan,nan,nan,nan,nan,nan,nan,nan
2875385,39,nan,nan,nan,nan,nan,nan,nan,nan,nan,nan,nan,nan,nan,nan,nan
2850237,39,nan,nan,nan,nan,nan,nan,nan,nan,nan,nan,nan,nan,nan,nan,nan
130570,14,nan,nan,nan,nan,nan,nan,nan,nan,nan,nan,nan,nan,nan,nan,nan
2930583,38,nan,nan,nan,nan,nan,nan,nan,nan,nan,nan,nan,nan,nan,nan,nan
4012020,38,nan,nan,nan,nan,nan,nan,nan,nan,nan,nan,nan,nan,nan,nan,nan
2924019,38,nan,nan,nan,nan,nan,nan,nan,nan,nan,nan,nan,nan,nan,nan,nan
4026349,38,nan,nan,nan,nan,nan,nan,nan,nan,nan,nan,nan,nan,nan,nan,nan
4011924,38,nan,nan,nan,nan,nan,nan,nan,nan,nan,nan,nan,nan,nan,nan,nan
2931349,38,nan,nan,nan,nan,nan,nan,nan,nan,nan,nan,nan,nan,nan,nan,nan
2925617,38,nan,nan,nan,nan,nan,nan,nan,nan,nan,nan,nan,nan,nan,nan,nan
2913710,38,nan,nan,nan,nan,nan,nan,nan,nan,nan,nan,nan,nan,nan,nan,nan
2915343,38,nan,nan,nan,nan,nan,nan,nan,nan,nan,nan,nan,nan,nan,nan,nan
2911938,38,nan,nan,nan,nan,nan,nan,nan,nan,nan,nan,nan,nan,nan,nan,nan
2914894,38,nan,nan,nan,nan,nan,nan,nan,nan,nan,nan,nan,nan,nan,nan,nan
2852365,15,nan,nan,nan,nan,nan,nan,nan,nan,nan,nan,nan,nan,nan,nan,nan
2814518,38,nan,nan,nan,nan,nan,nan,nan,nan,nan,nan,nan,nan,nan,nan,nan
2831210,12,0,0,0,0507-1425-1396,,매주 월요일,,,,,10:00~18:00(매표마감 17:00),가능,,,
4033475,15,nan,nan,nan,nan,nan,nan,nan,nan,nan,nan,nan,nan,nan,nan,nan
2855817,39,nan,nan,nan,nan,nan,nan,nan,nan,nan,nan,nan,nan,nan,nan,nan
2453779,12,0,0,0,1588-1580,,공휴일 / EBS 자체 휴무일,견학(스튜디오 투어),6세 이상,15명,,[견학(스튜디오 투어)]- 매주 화요일 14:00~16:00,가능,없음,없음,
2618398,32,nan,nan,nan,nan,nan,nan,nan,nan,nan,nan,nan,nan,nan,nan,nan
724863,32,nan,nan,nan,nan,nan,nan,nan,nan,nan,nan,nan,nan,nan,nan,nan
3306963,38,nan,nan,nan,nan,nan,nan,nan,nan,nan,nan,nan,nan,nan,nan,nan
4010478,38,nan,nan,nan,nan,nan,nan,nan,nan,nan,nan,nan,nan,nan,nan,nan
2930882,38,nan,nan,nan,nan,nan,nan,nan,nan,nan,nan,nan,nan,nan,nan,nan
3306023,38,nan,nan,nan,nan,nan,nan,nan,nan,nan,nan,nan,nan,nan,nan,nan
4010634,38,nan,nan,nan,nan,nan,nan,nan,nan,nan,nan,nan,nan,nan,nan,nan
4010539,38,nan,nan,nan,nan,nan,nan,nan,nan,nan,nan,nan,nan,nan,nan,nan
2907182,38,nan,nan,nan,nan,nan,nan,nan,nan,nan,nan,nan,nan,nan,nan,nan
3307740,38,nan,nan,nan,nan,nan,nan,nan,nan,nan,nan,nan,nan,nan,nan,nan
2901629,38,nan,nan,nan,nan,nan,nan,nan,nan,nan,nan,nan,nan,nan,nan,nan
4025334,38,nan,nan,nan,nan,nan,nan,nan,nan,nan,nan,nan,nan,nan,nan,nan
4025128,38,nan,nan,nan,nan,nan,nan,nan,nan,nan,nan,nan,nan,nan,nan,nan
4025043,38,nan,nan,nan,nan,nan,nan,nan,nan,nan,nan,nan,nan,nan,nan,nan
4026307,38,nan,nan,nan,nan,nan,nan,nan,nan,nan,nan,nan,nan,nan,nan,nan
3307054,38,nan,nan,nan,nan,nan,nan,nan,nan,nan,nan,nan,nan,nan,nan,nan
4025338,38,nan,nan,nan,nan,nan,nan,nan,nan,nan,nan,nan,nan,nan,nan,nan
2905449,38,nan,nan,nan,nan,nan,nan,nan,nan,nan,nan,nan,nan,nan,nan,nan
2923127,38,nan,nan,nan,nan,nan,nan,nan,nan,nan,nan,nan,nan,nan,nan,nan
2923501,38,nan,nan,nan,nan,nan,nan,nan,nan,nan,nan,nan,nan,nan,nan,nan
4026350,38,nan,nan,nan,nan,nan,nan,nan,nan,nan,nan,nan,nan,nan,nan,nan
4026208,38,nan,nan,nan,nan,nan,nan,nan,nan,nan,nan,nan,nan,nan,nan,nan
4026314,38,nan,nan,nan,nan,nan,nan,nan,nan,nan,nan,nan,nan,nan,nan,nan
3305682,38,nan,nan,nan,nan,nan,nan,nan,nan,nan,nan,nan,nan,nan,nan,nan
2923855,38,nan,nan,nan,nan,nan,nan,nan,nan,nan,nan,nan,nan,nan,nan,nan
2915932,38,nan,nan,nan,nan,nan,nan,nan,nan,nan,nan,nan,nan,nan,nan,nan
4026334,38,nan,nan,nan,nan,nan,nan,nan,nan,nan,nan,nan,nan,nan,nan,nan
3306768,38,nan,nan,nan,nan,nan,nan,nan,nan,nan,nan,nan,nan,nan,nan,nan
3307558,38,nan,nan,nan,nan,nan,nan,nan,nan,nan,nan,nan,nan,nan,nan,nan
2907876,38,nan,nan,nan,nan,nan,nan,nan,nan,nan,nan,nan,nan,nan,nan,nan
2911472,38,nan,nan,nan,nan,nan,nan,nan,nan,nan,nan,nan,nan,nan,nan,nan
4010522,38,nan,nan,nan,nan,nan,nan,nan,nan,nan,nan,nan,nan,nan,nan,nan
3488940,15,nan,nan,nan,nan,nan,nan,nan,nan,nan,nan,nan,nan,nan,nan,nan
2924245,38,nan,nan,nan,nan,nan,nan,nan,nan,nan,nan,nan,nan,nan,nan,nan
2918528,38,nan,nan,nan,nan,nan,nan,nan,nan,nan,nan,nan,nan,nan,nan,nan
2839441,39,nan,nan,nan,nan,nan,nan,nan,nan,nan,nan,nan,nan,nan,nan,nan
4012026,38,nan,nan,nan,nan,nan,nan,nan,nan,nan,nan,nan,nan,nan,nan,nan
2924571,38,nan,nan,nan,nan,nan,nan,nan,nan,nan,nan,nan,nan,nan,nan,nan
2912332,38,nan,nan,nan,nan,nan,nan,nan,nan,nan,nan,nan,nan,nan,nan,nan
4011922,38,nan,nan,nan,nan,nan,nan,nan,nan,nan,nan,nan,nan,nan,nan,nan
3305867,38,nan,nan,nan,nan,nan,nan,nan,nan,nan,nan,nan,nan,nan,nan,nan
2916610,38,nan,nan,nan,nan,nan,nan,nan,nan,nan,nan,nan,nan,nan,nan,nan
2500186,32,nan,nan,nan,nan,nan,nan,nan,nan,nan,nan,nan,nan,nan,nan,nan
4025027,38,nan,nan,nan,nan,nan,nan,nan,nan,nan,nan,nan,nan,nan,nan,nan
3443876,28,nan,nan,nan,nan,nan,nan,nan,nan,nan,nan,nan,nan,nan,nan,nan
3445748,28,nan,nan,nan,nan,nan,nan,nan,nan,nan,nan,nan,nan,nan,nan,nan
2395453,28,nan,nan,nan,nan,nan,nan,nan,nan,nan,nan,nan,nan,nan,nan,nan
2395454,28,nan,nan,nan,nan,nan,nan,nan,nan,nan,nan,nan,nan,nan,nan,nan
3075447,28,nan,nan,nan,nan,nan,nan,nan,nan,nan,nan,nan,nan,nan,nan,nan
3076809,28,nan,nan,nan,nan,nan,nan,nan,nan,nan,nan,nan,nan,nan,nan,nan
3076820,28,nan,nan,nan,nan,nan,nan,nan,nan,nan,nan,nan,nan,nan,nan,nan
3076842,28,nan,nan,nan,nan,nan,nan,nan,nan,nan,nan,nan,nan,nan,nan,nan
1042126,28,nan,nan,nan,nan,nan,nan,nan,nan,nan,nan,nan,nan,nan,nan,nan
1042163,28,nan,nan,nan,nan,nan,nan,nan,nan,nan,nan,nan,nan,nan,nan,nan
1042242,28,nan,nan,nan,nan,nan,nan,nan,nan,nan,nan,nan,nan,nan,nan,nan
2629011,39,nan,nan,nan,nan,nan,nan,nan,nan,nan,nan,nan,nan,nan,nan,nan
2607132,39,nan,nan,nan,nan,nan,nan,nan,nan,nan,nan,nan,nan,nan,nan,nan
1197233,28,nan,nan,nan,nan,nan,nan,nan,nan,nan,nan,nan,nan,nan,nan,nan
1032754,28,nan,nan,nan,nan,nan,nan,nan,nan,nan,nan,nan,nan,nan,nan,nan
1033306,28,nan,nan,nan,nan,nan,nan,nan,nan,nan,nan,nan,nan,nan,nan,nan
1033333,28,nan,nan,nan,nan,nan,nan,nan,nan,nan,nan,nan,nan,nan,nan,nan
1033368,28,nan,nan,nan,nan,nan,nan,nan,nan,nan,nan,nan,nan,nan,nan,nan
